{"cameraMode":{"drawMode":0,"name":"Shaded","section":"Shading Mode"},"sceneLighting":true,"audioPlay":false,"sceneViewState":{"showFog":true,"showMaterialUpdate":false,"showSkybox":true,"showFlares":true,"showImageEffects":true,"showParticleSystems":true},"in2DMode":false,"pivot":{"x":1.3695602416992188,"y":8.171127319335938,"z":-5.4794921875},"rotation":{"x":0.00008996851101983339,"y":0.9998998641967773,"z":-0.011999343521893025,"w":0.007499401457607746},"size":2.982797622680664,"orthographic":true}